{"cameraMode":{"drawMode":0,"name":"Shaded","section":"Shading Mode"},"sceneLighting":true,"audioPlay":false,"sceneViewState":{"m_AlwaysRefresh":false,"showFog":true,"showSkybox":true,"showFlares":true,"showImageEffects":true,"showParticleSystems":true,"showVisualEffectGraphs":true,"m_FxEnabled":true},"in2DMode":false,"pivot":{"x":0.2940981984138489,"y":-60.41691207885742,"z":1.9881949424743653},"rotation":{"x":0.0004355158016551286,"y":-0.6936137080192566,"z":0.720358669757843,"w":0.00042163985199294984},"size":47.09767150878906,"orthographic":false}